y_true,y_pred,y_proba_0,y_proba_1
0,0,0.8943701,0.10562991
0,0,0.97740847,0.022591533
0,0,0.9778305,0.022169482
0,0,0.96792305,0.03207695
0,0,0.9756165,0.024383498
0,0,0.9981313,0.0018687405
0,0,0.9982625,0.001737471
0,0,0.8030988,0.19690119
0,0,0.99129856,0.008701462
0,0,0.9828268,0.017173184
0,0,0.9682517,0.031748272
0,0,0.93049157,0.06950845
0,0,0.94902784,0.05097215
0,0,0.96842766,0.03157235
0,0,0.9686908,0.031309176
0,0,0.923699,0.07630098
0,0,0.9285216,0.07147842
0,0,0.97583175,0.024168264
0,0,0.7809467,0.21905333
0,0,0.9935305,0.0064695003
0,0,0.94484085,0.055159125
0,0,0.98261744,0.01738257
0,0,0.96071273,0.039287277
0,0,0.76444507,0.23555492
0,0,0.93155026,0.068449706
0,0,0.86816084,0.13183916
0,0,0.9863053,0.013694681
0,0,0.98227763,0.017722389
0,0,0.9857717,0.014228304
0,0,0.9285616,0.071438394
0,0,0.99309903,0.006900945
0,0,0.5040204,0.4959796
0,0,0.67286676,0.32713324
0,0,0.5612215,0.43877852
0,0,0.9888114,0.011188624
0,0,0.9935235,0.0064765415
0,0,0.99563915,0.004360883
0,0,0.997166,0.002834013
0,0,0.98509276,0.014907239
0,0,0.96294576,0.037054263
0,0,0.9528645,0.047135454
0,0,0.95935804,0.04064197
0,0,0.9200059,0.07999407
0,0,0.8574543,0.14254571
0,0,0.99952406,0.00047596477
0,0,0.99387217,0.006127812
0,0,0.68335474,0.31664523
0,0,0.8745274,0.12547259
0,0,0.9911349,0.008865131
0,0,0.993966,0.0060340315
0,0,0.89537686,0.10462314
0,0,0.847552,0.15244798
0,0,0.74559677,0.25440323
0,0,0.98774666,0.012253332
0,0,0.9289899,0.07101012
0,0,0.98155797,0.018442057
0,0,0.9863544,0.013645567
0,0,0.99434775,0.005652255
0,0,0.9818039,0.018196106
0,0,0.9032834,0.096716605
0,0,0.77268714,0.22731285
0,0,0.99047136,0.009528618
0,0,0.9748572,0.025142813
0,0,0.992236,0.007763989
0,0,0.8008566,0.1991434
0,0,0.99045736,0.0095426645
0,0,0.9958753,0.0041247047
0,0,0.9936623,0.006337696
0,0,0.999448,0.00055200834
0,0,0.9959129,0.004087107
0,0,0.98839986,0.011600117
0,0,0.9850909,0.014909109
0,0,0.99035126,0.009648723
0,0,0.9393062,0.060693797
0,0,0.9588796,0.04112041
0,0,0.9953741,0.00462592
0,0,0.9933554,0.0066446178
0,0,0.9644427,0.035557322
0,0,0.99305445,0.0069455514
0,0,0.99765855,0.0023414197
0,0,0.995233,0.00476699
0,0,0.98867863,0.011321384
0,0,0.99930894,0.00069105823
0,0,0.99879044,0.0012095551
0,0,0.99923325,0.0007667621
0,0,0.8748492,0.12515083
0,0,0.9913999,0.008600089
0,0,0.86120856,0.13879147
0,0,0.9752516,0.024748364
0,0,0.95339227,0.046607733
0,0,0.9943506,0.005649393
0,0,0.964358,0.035641998
0,0,0.87109,0.12891
0,0,0.993261,0.006739009
0,0,0.99668795,0.0033120227
0,0,0.99821556,0.0017844161
0,0,0.939357,0.060643
0,0,0.713516,0.28648397
0,0,0.69566715,0.30433285
0,0,0.99382335,0.006176624
0,0,0.98498493,0.015015093
0,0,0.9881907,0.011809287
0,0,0.99892455,0.0010754551
0,0,0.97222096,0.02777907
0,0,0.9834785,0.016521513
0,0,0.9681176,0.031882435
0,0,0.9839323,0.016067684
0,0,0.99604523,0.0039547402
0,0,0.99032056,0.009679418
0,0,0.99364537,0.0063546044
0,0,0.9883019,0.01169813
0,0,0.98794824,0.012051781
0,0,0.9883687,0.011631305
0,0,0.9985084,0.0014916223
0,0,0.98504865,0.014951369
0,0,0.8925266,0.107473396
0,0,0.7938562,0.2061438
1,1,0.46165758,0.5383424
0,0,0.9791779,0.02082211
1,0,0.94588876,0.054111265
1,0,0.9502255,0.049774535
1,0,0.96057814,0.03942183
1,1,0.036325395,0.9636746
1,1,0.10683,0.89317
1,1,0.11237043,0.88762957
1,1,0.25711805,0.74288195
1,1,0.07026899,0.929731
1,1,0.1852709,0.8147291
0,1,0.0952608,0.9047392
0,0,0.97543865,0.024561353
0,1,0.107877135,0.89212286
0,1,0.1917336,0.8082664
0,0,0.61448264,0.3855174
0,0,0.87422425,0.12577574
0,1,0.22267586,0.77732414
0,1,0.251576,0.748424
0,1,0.17596865,0.82403135
0,1,0.11336321,0.8866368
0,1,0.32199788,0.6780021
0,0,0.671206,0.328794
0,0,0.9035802,0.096419804
0,0,0.9602565,0.03974351
0,0,0.73522234,0.2647777
0,0,0.6688371,0.33116293
0,1,0.27153796,0.72846204
0,0,0.6047066,0.3952934
0,0,0.9336636,0.06633637
0,0,0.8754121,0.12458787
0,0,0.67839384,0.3216062
0,0,0.6838278,0.31617218
0,0,0.58634233,0.41365764
0,0,0.7613781,0.2386219
0,0,0.9681495,0.03185049
0,0,0.83822626,0.16177376
0,0,0.70060647,0.2993935
0,0,0.91357493,0.08642507
0,0,0.68296576,0.31703427
0,1,0.40769994,0.59230006
0,0,0.6478489,0.3521511
0,0,0.98477775,0.0152222365
0,0,0.90329075,0.096709244
0,0,0.8871623,0.11283766
0,0,0.9558002,0.04419985
0,0,0.7347863,0.26521373
0,0,0.97645247,0.023547506
0,0,0.9778835,0.022116506
0,1,0.011307836,0.98869216
0,1,0.15023822,0.8497618
0,0,0.895653,0.10434699
0,1,0.26894128,0.7310587
0,1,0.16350245,0.83649755
0,1,0.25007695,0.74992305
0,0,0.86660874,0.13339125
0,0,0.98613197,0.01386801
0,1,0.04662037,0.95337963
0,1,0.024830163,0.97516984
0,1,0.29872608,0.7012739
0,1,0.18514317,0.8148568
0,1,0.28081387,0.7191861
0,1,0.23658222,0.7634178
0,0,0.88086593,0.11913408
0,0,0.7956765,0.20432347
0,0,0.5930102,0.40698978
0,1,0.33212036,0.66787964
0,0,0.97260505,0.027394935
0,0,0.9830669,0.016933097
0,1,0.4717024,0.5282976
0,1,0.20487458,0.7951254
0,0,0.72981757,0.27018243
0,0,0.86336094,0.13663906
0,1,0.10388404,0.89611596
0,1,0.261438,0.738562
0,0,0.6439955,0.3560045
0,0,0.6777562,0.3222438
0,0,0.8260933,0.17390667
0,0,0.69022596,0.309774
0,0,0.98861897,0.011381008
0,0,0.7291885,0.2708115
0,0,0.8674309,0.13256907
0,0,0.97632587,0.023674114
0,0,0.91391903,0.08608098
0,0,0.6687681,0.3312319
0,0,0.87159055,0.12840945
0,0,0.8524338,0.14756617
0,1,0.49284333,0.50715667
0,0,0.67681956,0.3231804
0,0,0.96433395,0.035666034
0,0,0.9948791,0.005120883
0,0,0.9853546,0.014645415
0,0,0.9858338,0.014166173
0,0,0.972587,0.027413014
0,0,0.99010366,0.009896317
0,0,0.95428276,0.04571724
0,0,0.98430294,0.015697055
0,0,0.99957097,0.00042902335
0,0,0.9984043,0.0015956667
0,0,0.60718715,0.39281285
0,0,0.97756886,0.022431118
0,0,0.9959499,0.0040500714
0,0,0.9695227,0.030477267
0,0,0.8697999,0.1302001
0,1,0.24683052,0.7531695
0,0,0.98234147,0.017658535
0,0,0.9921404,0.007859599
0,0,0.9261674,0.07383255
0,0,0.893781,0.106218986
0,0,0.9988045,0.0011954779
0,0,0.9960913,0.003908713
0,0,0.9860412,0.013958782
0,0,0.9690957,0.030904315
0,0,0.9878012,0.01219878
0,0,0.9843752,0.01562484
0,0,0.99544924,0.00455073
0,0,0.98986936,0.010130636
0,0,0.9409559,0.0590441
0,0,0.95456076,0.045439214
0,0,0.8821155,0.11788449
0,0,0.8495249,0.15047507
0,0,0.5538264,0.4461736
0,0,0.5509368,0.44906318
0,0,0.96388066,0.036119368
0,1,0.22188574,0.77811426
0,1,0.45424712,0.5457529
0,0,0.7502874,0.24971256
0,0,0.57129633,0.4287037
0,0,0.756742,0.24325803
0,1,0.26949883,0.7305012
0,1,0.3302005,0.6697995
0,0,0.950443,0.049556963
0,0,0.96726465,0.032735378
0,0,0.9672746,0.032725394
0,0,0.9769057,0.023094324
0,0,0.73840654,0.2615935
0,0,0.9764586,0.023541406
0,0,0.9553547,0.044645295
0,0,0.9072734,0.0927266
0,0,0.981918,0.018082036
0,0,0.826987,0.17301294
0,0,0.9986346,0.0013654226
0,1,0.34630936,0.65369064
0,0,0.99401474,0.005985267
0,0,0.98079795,0.019202055
0,0,0.94346035,0.056539662
0,0,0.99228686,0.0077131605
0,0,0.99095565,0.009044321
0,0,0.94485307,0.055146948
0,0,0.90311724,0.09688274
0,0,0.9393899,0.060610123
0,0,0.5241512,0.4758488
0,0,0.987679,0.012320975
0,0,0.9047885,0.0952115
0,0,0.66776216,0.33223784
0,0,0.9957598,0.004240244
0,0,0.96164715,0.038352862
0,0,0.9922707,0.007729271
0,0,0.9265449,0.07345507
0,0,0.918359,0.08164101
0,0,0.91828483,0.08171516
0,1,0.28432822,0.7156718
0,1,0.49530196,0.50469804
0,0,0.8436235,0.1563765
0,0,0.8962597,0.10374027
0,0,0.9892192,0.010780798
0,0,0.81163156,0.18836842
0,0,0.6178162,0.38218376
0,0,0.9778988,0.022101229
0,0,0.9959863,0.0040137456
0,0,0.7677294,0.2322706
0,0,0.9493352,0.050664812
0,0,0.97023535,0.029764643
0,0,0.53261256,0.46738744
0,0,0.8689611,0.13103887
0,0,0.9323418,0.067658156
0,0,0.8652803,0.13471974
0,1,0.36294973,0.6370503
0,0,0.94286335,0.057136636
0,1,0.32558924,0.67441076
0,0,0.98919535,0.010804629
0,0,0.992164,0.007836005
0,0,0.74993414,0.25006586
0,0,0.9688162,0.031183768
0,0,0.94762784,0.05237217
0,1,0.10436243,0.8956376
0,0,0.9749045,0.025095517
0,1,0.26330686,0.73669314
0,1,0.028100014,0.9719
0,1,0.34628886,0.65371114
0,0,0.7813542,0.21864578
0,0,0.509597,0.490403
0,1,0.3091311,0.6908689
0,0,0.90307206,0.096927956
0,0,0.9807855,0.019214492
0,0,0.98485243,0.015147563
0,0,0.76591563,0.23408437
0,1,0.010887563,0.98911244
0,1,0.047051966,0.95294803
0,1,0.0055018067,0.9944982
0,1,0.060899198,0.9391008
0,0,0.9942002,0.005799768
0,1,0.020552337,0.97944766
0,1,0.026267529,0.9737325
0,1,0.006362915,0.9936371
0,1,0.08799076,0.91200924
0,1,0.02945888,0.9705411
0,1,0.17272896,0.82727104
0,0,0.9019886,0.09801135
0,0,0.9597996,0.04020044
0,1,0.3809982,0.6190018
0,1,0.036366045,0.96363395
0,0,0.95692796,0.043072026
0,1,0.113009095,0.8869909
0,0,0.6321722,0.3678278
0,0,0.8929579,0.10704208
0,0,0.99521756,0.004782427
0,0,0.9677523,0.032247726
0,0,0.9867909,0.013209103
0,0,0.9851141,0.014885897
0,0,0.9871644,0.012835616
0,0,0.9109588,0.08904119
0,1,0.119716585,0.8802834
0,0,0.98451054,0.015489462
0,0,0.8719766,0.1280234
0,0,0.7927537,0.20724627
0,0,0.8598657,0.14013426
0,0,0.98541963,0.014580386
0,0,0.9897698,0.010230181
0,0,0.98570776,0.014292241
0,0,0.9926551,0.0073449058
0,0,0.9923215,0.00767853
0,0,0.97638404,0.023615967
0,0,0.9316399,0.06836007
0,0,0.99486583,0.0051341793
0,0,0.95903385,0.040966146
0,0,0.75140107,0.2485989
0,0,0.873386,0.12661399
0,0,0.8397972,0.16020282
0,0,0.58636016,0.41363984
0,0,0.7858261,0.21417391
0,0,0.9270179,0.07298204
0,0,0.8495785,0.15042147
0,0,0.9794161,0.020583916
0,0,0.7420418,0.25795814
0,0,0.5484985,0.45150146
0,0,0.7674525,0.2325475
0,0,0.62797856,0.37202144
0,0,0.58200395,0.41799605
0,0,0.70769626,0.29230374
0,0,0.8525092,0.1474908
0,0,0.6385144,0.36148563
0,0,0.62462735,0.37537262
0,0,0.58205485,0.41794518
0,0,0.79747033,0.20252965
0,0,0.63932157,0.3606784
0,0,0.9980964,0.0019035746
0,0,0.5585035,0.44149652
0,1,0.06603527,0.9339647
0,1,0.45476025,0.54523975
0,0,0.70746267,0.29253736
0,1,0.4263649,0.5736351
0,1,0.05702907,0.94297093
0,1,0.31051028,0.6894897
0,1,0.36329716,0.63670284
0,0,0.6913619,0.30863807
0,0,0.72278696,0.27721304
0,0,0.86876005,0.13123997
0,1,0.30594397,0.69405603
0,1,0.35837168,0.6416283
0,1,0.085780025,0.91422
0,1,0.24187565,0.75812435
0,0,0.6522071,0.34779292
0,0,0.7229415,0.27705845
0,0,0.77899164,0.22100835
0,0,0.964226,0.035773993
0,0,0.96109134,0.03890865
0,0,0.8942661,0.105733894
0,0,0.95059985,0.049400162
0,0,0.77407837,0.22592165
0,1,0.27397865,0.72602135
0,0,0.8146658,0.18533418
0,0,0.56438214,0.43561786
0,0,0.85016984,0.14983018
0,0,0.99800867,0.0019913418
0,0,0.9984902,0.001509768
0,0,0.8427737,0.15722631
0,0,0.9474584,0.052541588
0,0,0.9938749,0.006125074
0,0,0.91339946,0.086600564
0,0,0.97075117,0.029248854
0,0,0.88701975,0.11298023
0,0,0.93697375,0.06302627
0,0,0.994626,0.0053739976
0,0,0.99304014,0.0069598327
0,0,0.9968446,0.0031554266
0,0,0.9958318,0.0041681835
0,0,0.99680567,0.0031943077
0,0,0.9661417,0.033858307
0,0,0.9968424,0.003157617
0,0,0.9977153,0.0022847187
0,0,0.8327104,0.16728964
0,1,0.13112128,0.8688787
0,0,0.9835193,0.016480692
0,0,0.9834498,0.016550167
0,0,0.9889226,0.011077388
0,0,0.9939937,0.0060062767
0,0,0.8385463,0.16145372
0,0,0.67907465,0.32092535
0,0,0.9720806,0.027919432
0,0,0.9533979,0.046602085
0,0,0.99630547,0.0036945518
0,0,0.9826833,0.017316697
0,0,0.97605455,0.023945447
0,0,0.98571044,0.014289549
0,0,0.9899112,0.010088829
0,0,0.99539196,0.004608039
0,0,0.993707,0.0062929904
0,0,0.95384,0.04615999
0,0,0.91877717,0.08122285
0,0,0.97580135,0.024198623
0,0,0.9199724,0.08002759
0,0,0.89282995,0.10717004
0,0,0.98005706,0.019942963
0,0,0.9363771,0.06362291
0,0,0.99290806,0.0070919646
0,0,0.9923284,0.0076716226
0,0,0.99703777,0.0029622442
0,0,0.9888231,0.011176882
0,0,0.99842584,0.0015741618
0,0,0.99632925,0.0036707472
0,0,0.8346946,0.16530535
0,0,0.78997004,0.21002999
0,0,0.96376127,0.036238737
0,0,0.9921283,0.007871708
0,0,0.8494692,0.15053084
0,0,0.9976426,0.0023574077
0,0,0.99265546,0.0073445262
0,0,0.9929609,0.0070391153
0,0,0.9949776,0.0050224224
0,0,0.92883873,0.071161255
0,0,0.9906132,0.009386767
0,0,0.97179514,0.028204886
0,0,0.7601832,0.23981681
0,0,0.9309322,0.06906778
0,0,0.7161957,0.28380433
0,0,0.8668406,0.13315938
0,0,0.974264,0.025735997
0,0,0.9867893,0.013210689
0,0,0.89742476,0.10257524
0,0,0.84008205,0.15991792
0,0,0.9294285,0.07057148
0,0,0.98210645,0.017893523
0,0,0.9384613,0.061538722
0,0,0.95422155,0.04577844
0,0,0.67095125,0.32904875
0,0,0.99498475,0.005015281
0,0,0.97985744,0.020142557
0,0,0.97742826,0.022571769
0,0,0.7182909,0.28170907
0,0,0.7799292,0.22007076
0,0,0.99206644,0.007933579
0,0,0.9493857,0.050614286
0,0,0.57699317,0.42300683
0,0,0.9949782,0.0050218217
0,0,0.7750708,0.22492923
0,0,0.99705815,0.0029418208
0,0,0.9920741,0.007925919
0,0,0.97651017,0.023489853
0,0,0.9512858,0.04871421
0,0,0.95682967,0.04317035
0,0,0.98262066,0.01737932
0,0,0.99533165,0.0046683433
0,0,0.9910802,0.008919748
0,0,0.9988221,0.0011779167
0,0,0.99339235,0.0066076634
0,0,0.9986063,0.0013936668
0,0,0.9887311,0.011268916
0,0,0.94923663,0.05076335
0,0,0.9805154,0.01948456
0,0,0.95748496,0.04251502
0,0,0.9919013,0.008098716
0,0,0.998958,0.0010420182
0,0,0.9934064,0.006593578
0,0,0.9853457,0.014654295
0,0,0.99756366,0.002436362
0,0,0.99805045,0.0019495293
0,0,0.9873304,0.012669649
0,0,0.99910766,0.00089237065
0,0,0.99252295,0.0074770595
0,0,0.99827635,0.0017236302
0,0,0.9996016,0.00039838033
0,0,0.99765015,0.0023498812
0,0,0.9981148,0.0018851543
0,0,0.95994437,0.040055625
0,0,0.97988355,0.020116428
0,0,0.98596394,0.014036077
0,0,0.9970904,0.0029095984
0,0,0.99704117,0.002958834
0,0,0.9339174,0.06608257
0,0,0.9960856,0.0039144405
0,0,0.9950298,0.0049702046
0,0,0.9877936,0.012206385
0,0,0.95317113,0.046828862
0,0,0.99952865,0.0004713327
0,0,0.99352247,0.006477563
0,0,0.9741098,0.025890188
0,0,0.88625866,0.11374136
0,0,0.9726523,0.027347693
0,0,0.9961564,0.00384361
0,0,0.96566546,0.034334518
0,0,0.99768835,0.0023116374
0,0,0.98504406,0.014955948
0,0,0.9565274,0.043472588
0,0,0.9711868,0.0288132
0,0,0.9960787,0.0039212494
0,0,0.9908624,0.009137567
0,0,0.9992974,0.00070261455
0,0,0.9965646,0.0034353554
0,0,0.99991703,8.296167e-05
0,0,0.972771,0.027229022
0,0,0.9802071,0.019792933
0,0,0.9935573,0.0064427163
0,0,0.99052835,0.0094716735
0,0,0.9982784,0.0017216334
0,0,0.99851114,0.0014888756
0,0,0.99748695,0.002513061
0,0,0.99760646,0.0023935384
0,0,0.97398156,0.02601845
0,0,0.98969686,0.010303125
0,0,0.99774694,0.0022530626
0,0,0.9894101,0.010589912
0,0,0.9930578,0.006942217
0,0,0.9984686,0.001531407
0,0,0.99969155,0.000308468
0,0,0.91157544,0.08842456
0,0,0.9994745,0.00052545563
0,0,0.9995284,0.00047160732
0,0,0.9853948,0.014605202
0,0,0.9994144,0.00058563234
0,0,0.99448156,0.005518418
0,0,0.947766,0.05223397
0,0,0.98546785,0.014532158
0,0,0.99592984,0.004070157
0,0,0.99487793,0.005122052
0,0,0.9940561,0.005943903
0,0,0.9987168,0.001283204
0,0,0.98891574,0.01108427
0,0,0.8643844,0.1356156
0,0,0.8974282,0.1025718
0,0,0.9750619,0.024938097
0,0,0.8952975,0.104702465
0,0,0.93967813,0.060321867
0,0,0.98831266,0.011687324
0,0,0.96585447,0.034145545
0,0,0.9960806,0.003919406
0,0,0.98118764,0.018812386
0,0,0.8788792,0.12112078
0,0,0.98997056,0.010029442
0,0,0.98275036,0.017249623
0,0,0.9531121,0.04688785
0,0,0.9973562,0.0026438008
0,0,0.99986917,0.00013084889
0,0,0.9997411,0.00025895127
0,0,0.99924797,0.0007520262
0,0,0.99328935,0.0067106583
0,0,0.99251693,0.0074830665
0,0,0.9131082,0.08689174
0,0,0.8739934,0.1260066
0,0,0.9990995,0.00090053596
0,0,0.99922884,0.00077115034
0,0,0.99978966,0.0002103198
0,0,0.9962991,0.0037009248
0,0,0.99077636,0.009223643
0,0,0.9961029,0.0038970932
0,0,0.98549324,0.014506776
0,0,0.99384356,0.0061564604
0,0,0.9986071,0.0013929118
0,0,0.9992898,0.0007102086
0,0,0.9840754,0.015924562
0,0,0.9998311,0.00016894101
0,0,0.9995631,0.00043687545
0,0,0.98975426,0.010245725
0,0,0.9885226,0.0114774285
0,0,0.9960839,0.0039160787
0,0,0.8749653,0.12503466
0,0,0.95727724,0.042722743
1,0,0.78480196,0.21519805
0,0,0.99708563,0.0029143612
1,0,0.81372243,0.18627755
1,1,0.14929509,0.8507049
1,1,0.011946499,0.9880535
1,1,0.0061359406,0.99386406
1,1,0.00993228,0.9900677
1,1,0.09495956,0.90504044
1,1,0.37215906,0.62784094
1,0,0.9083694,0.09163057
0,0,0.82344747,0.17655252
0,0,0.99633044,0.0036695513
0,0,0.9866493,0.013350719
0,0,0.7820196,0.2179804
0,1,0.15217686,0.84782314
0,0,0.6341099,0.3658901
0,0,0.634423,0.36557698
0,1,0.32014865,0.67985135
0,0,0.9313089,0.06869106
0,0,0.98314345,0.016856574
0,0,0.9479474,0.052052636
0,0,0.51163864,0.48836133
0,0,0.8264891,0.17351092
0,0,0.9835982,0.016401825
0,1,0.44676322,0.5532368
0,0,0.6697755,0.33022448
0,0,0.81592256,0.18407743
0,0,0.9259567,0.07404329
0,0,0.8545898,0.14541017
0,0,0.8149644,0.18503559
0,0,0.75662327,0.24337673
0,0,0.7268683,0.2731317
0,1,0.0951792,0.9048208
0,1,0.16861475,0.83138525
0,0,0.9714461,0.028553905
0,1,0.114415765,0.88558424
0,0,0.6052506,0.39474943
0,1,0.3799327,0.6200673
0,0,0.53417605,0.46582395
0,1,0.15169519,0.8483048
0,1,0.42057747,0.57942253
0,1,0.034392357,0.96560764
0,1,0.2615167,0.7384833
0,1,0.08657354,0.91342646
0,0,0.81831616,0.18168384
0,0,0.99075115,0.009248847
0,0,0.9536094,0.046390586
0,0,0.7819164,0.21808363
0,0,0.94122344,0.058776543
0,1,0.23966092,0.7603391
0,1,0.19341081,0.8065892
0,1,0.35595268,0.6440473
0,1,0.038671732,0.96132827
0,0,0.9730782,0.026921827
0,0,0.92083025,0.07916975
0,0,0.698805,0.30119503
0,0,0.89949,0.10050997
0,0,0.78606033,0.2139397
0,0,0.98505425,0.014945716
0,0,0.9985371,0.0014628837
0,0,0.99621457,0.0037854398
0,0,0.926883,0.07311701
0,0,0.97660196,0.023398045
0,1,0.35884786,0.64115214
0,0,0.594367,0.40563294
0,0,0.80934614,0.19065385
0,0,0.6005415,0.39945853
0,0,0.98988825,0.010111737
0,0,0.9689838,0.031016167
0,0,0.7038787,0.2961213
0,0,0.8349397,0.1650603
0,0,0.9470497,0.052950308
0,0,0.7508025,0.24919747
0,1,0.15211159,0.8478884
0,1,0.14955616,0.85044384
0,0,0.8113401,0.18865989
0,0,0.98507464,0.014925364
0,0,0.9480847,0.05191526
0,0,0.92786556,0.07213443
0,0,0.99193823,0.00806174
0,0,0.9698639,0.030136108
0,0,0.97375166,0.026248366
0,0,0.98385787,0.01614214
0,0,0.9780797,0.021920318
0,0,0.983591,0.016408965
0,1,0.283449,0.716551
0,0,0.51149476,0.48850524
0,0,0.91810274,0.08189724
0,0,0.6698624,0.33013758
0,1,0.19196469,0.8080353
0,0,0.99887836,0.0011216123
0,1,0.11216855,0.88783145
0,1,0.45365942,0.5463406
0,0,0.9455569,0.05444309
0,1,0.35971254,0.64028746
0,0,0.9528428,0.047157206
0,0,0.9512213,0.048778724
0,0,0.8610284,0.13897161
0,0,0.9494844,0.05051561
0,0,0.53123224,0.46876773
0,0,0.9404781,0.059521932
0,0,0.99825096,0.00174901
0,0,0.9704622,0.029537799
0,0,0.9461297,0.053870298
0,0,0.92722386,0.072776146
0,0,0.99197686,0.008023128
0,0,0.67277914,0.32722086
0,0,0.60926425,0.39073578
0,0,0.98881626,0.011183762
0,0,0.9916645,0.008335499
0,0,0.9922868,0.007713215
0,0,0.99233055,0.007669445
0,0,0.96627676,0.033723257
0,0,0.61578006,0.38421994
0,0,0.77994305,0.22005695
0,0,0.8640808,0.13591921
0,0,0.9909559,0.00904409
0,0,0.9190282,0.08097176
0,0,0.966649,0.033351004
0,0,0.97949815,0.020501835
0,0,0.9569863,0.043013703
0,0,0.74401295,0.25598708
0,0,0.9686826,0.03131739
0,0,0.9884041,0.011595881
0,0,0.8052758,0.19472423
0,0,0.9702556,0.029744359
0,0,0.80381763,0.1961824
0,0,0.8884856,0.111514404
0,0,0.87668383,0.12331618
0,0,0.9674108,0.032589227
0,0,0.98111385,0.018886127
0,0,0.9694988,0.030501192
0,0,0.99090475,0.0090952385
0,0,0.9474232,0.052576765
0,0,0.99957126,0.00042872
0,0,0.66254234,0.33745766
0,0,0.842809,0.15719096
0,0,0.9418318,0.058168173
0,0,0.9708789,0.029121082
0,0,0.9987354,0.001264567
0,0,0.9727566,0.02724338
0,0,0.9419968,0.05800321
0,0,0.9946563,0.0053436793
0,0,0.97468835,0.025311653
0,0,0.7215622,0.2784378
0,0,0.99756426,0.0024357731
0,0,0.9257797,0.07422033
0,0,0.97626424,0.02373577
0,0,0.98704964,0.012950372
0,0,0.566701,0.433299
0,0,0.9498009,0.050199106
0,0,0.94277287,0.057227153
0,0,0.77053076,0.22946924
0,0,0.8660728,0.13392724
0,0,0.97673476,0.023265231
0,0,0.9254939,0.0745061
0,0,0.88917077,0.11082921
0,0,0.96997803,0.030021986
0,0,0.9874592,0.012540845
0,0,0.93642193,0.06357805
0,0,0.9738603,0.0261397
0,0,0.7137469,0.28625312
0,0,0.9325099,0.067490086
0,0,0.99579626,0.004203715
0,0,0.97660065,0.023399325
0,0,0.98798376,0.012016252
0,0,0.94697726,0.053022735
0,0,0.87158597,0.12841403
0,0,0.96503365,0.03496634
0,0,0.9838721,0.016127884
0,0,0.93792695,0.062073037
0,0,0.9984502,0.0015498033
0,0,0.9807741,0.019225877
0,0,0.9230816,0.07691844
0,0,0.96551615,0.034483828
0,0,0.9961437,0.0038562757
0,0,0.9489442,0.05105576
0,0,0.9799631,0.020036867
0,0,0.9421202,0.057879817
0,0,0.9725436,0.027456375
0,0,0.96422887,0.035771146
0,0,0.966034,0.03396598
0,0,0.9782889,0.021711083
0,0,0.97561496,0.024385013
0,0,0.93684655,0.063153446
0,0,0.9828666,0.017133415
0,0,0.9897324,0.010267599
0,0,0.6617973,0.33820271
0,0,0.7077488,0.2922512
0,0,0.99870443,0.0012955454
0,1,0.4342981,0.5657019
0,0,0.97982144,0.020178568
0,0,0.97054315,0.029456832
0,0,0.96964943,0.03035058
0,0,0.8130094,0.1869906
0,0,0.9884723,0.011527704
0,0,0.97780585,0.02219417
0,0,0.9913106,0.008689423
0,0,0.9970454,0.0029545983
0,0,0.9967986,0.0032014332
0,0,0.9986323,0.0013676592
0,0,0.9995931,0.0004069345
0,0,0.99134326,0.008656761
0,0,0.9890689,0.010931083
0,0,0.9975094,0.0024906027
0,0,0.99688196,0.0031180675
0,0,0.98401916,0.01598086
0,0,0.99362415,0.006375857
0,0,0.99963075,0.00036925927
0,0,0.9968244,0.0031756235
0,0,0.9634627,0.03653731
0,0,0.99724585,0.0027541495
0,0,0.9934932,0.0065067876
0,0,0.99677896,0.0032210234
0,0,0.9591393,0.040860727
0,0,0.9908204,0.009179605
0,0,0.9940141,0.005985888
0,0,0.99557555,0.0044244654
0,0,0.9843297,0.015670318
0,0,0.99873805,0.0012619429
0,0,0.99123955,0.008760439
0,0,0.9870941,0.012905873
0,0,0.9989311,0.001068885
0,0,0.99849045,0.0015095588
0,0,0.99983835,0.00016167585
0,0,0.9954559,0.004544075
0,0,0.9948157,0.00518428
0,0,0.996937,0.0030630075
0,0,0.9982049,0.0017951423
0,0,0.9879107,0.012089321
0,0,0.996815,0.003184961
0,0,0.99026954,0.009730465
0,0,0.9971419,0.0028581005
0,0,0.99587536,0.0041246423
0,0,0.9997895,0.00021053808
0,0,0.9965159,0.0034840913
0,0,0.9990485,0.0009515515
0,0,0.9996283,0.00037171677
0,0,0.9966127,0.0033872777
0,0,0.9963887,0.0036113143
0,0,0.99544907,0.00455092
0,0,0.9831567,0.016843311
0,0,0.9975033,0.0024967326
0,0,0.99672556,0.0032744496
0,0,0.9957884,0.0042115925
0,0,0.99977803,0.00022199134
0,0,0.9964037,0.003596334
0,0,0.96064806,0.03935191
0,0,0.99910885,0.00089112466
0,0,0.97885156,0.02114845
0,0,0.9861266,0.013873397
0,0,0.9743791,0.025620878
0,0,0.9989201,0.0010799443
0,0,0.999273,0.0007269723
0,0,0.97735685,0.022643168
0,0,0.9928661,0.0071338806
0,0,0.99823153,0.0017684789
0,0,0.81323135,0.18676864
0,0,0.99495214,0.005047871
0,0,0.99838006,0.0016199482
0,0,0.99586666,0.0041333498
0,0,0.9985066,0.0014934074
0,0,0.9952438,0.004756229
0,0,0.9980911,0.001908879
0,0,0.9928035,0.007196489
0,0,0.98998654,0.010013433
0,0,0.9726528,0.027347237
0,0,0.90014744,0.099852555
0,0,0.9960193,0.0039806743
0,0,0.99713224,0.0028677448
0,0,0.9980771,0.0019229146
0,0,0.9848951,0.0151049
