model,patient,Accuracy,Precision,Recall,Specificity,F1,F1 Macro,ROC AUC,PR AUC,Threshold,Seizure Sensitivity,Warning Time (s),FA/h,TP,FP,FN,TN
TabICL,chb01,0.039965986394557826,0.004995592124595945,0.9444444444444444,0.035327635327635325,0.009938614440222157,0.039082099517222496,0.4657090851535296,0.0052518227127982976,0.02185990661382675,1.0,282.3671428571429,154.34757834757835,17,3386,1,124
TabICL,chb02,0.3121286263544215,0.004048582995951417,1.0,0.31019978969505785,0.008064516129032258,0.24078988246258995,0.7195934104451455,0.006836593766532214,0.023419944569468498,1.0,214.51000000000013,110.36803364879074,8,1968,0,885
TabICL,chb03,0.7697625488428014,0.005277044854881266,0.25,0.7722742373905165,0.0103359173126615,0.440031904234562,0.46273784355179703,0.004548739102914628,0.06821266561746597,0.42857142857142855,207.51,36.43612201751736,4,754,12,2557
TabICL,chb04,0.9954167860211973,0.0,0.0,0.9979896611143021,0.0,0.4988515647430376,0.4883527985193694,0.004590070635610328,0.09456610679626465,0.0,,0.32165422171165997,0,7,9,3475
TabICL,chb05,0.9956816779765577,0.0,0.0,1.0,0.0,0.4989180834621329,0.6979111347141087,0.00809444589886143,0.7962220907211304,0.0,,0.0,0,0,14,3228
TabICL,chb06,0.9872188139059305,0.0,0.0,1.0,0.0,0.49678415230254697,0.45061626100466085,0.01107024628760771,0.9068183302879333,0.0,,0.0,0,0,25,1931
TabICL,chb07,0.011780104712041885,0.00395778364116095,1.0,0.00788436268068331,0.00788436268068331,0.01176486712912914,0.685227770477442,0.010553201116818508,0.013594568707048893,1.0,285.0100000000002,158.73850197109067,6,1510,0,12
TabICL,chb08,0.992588369441277,0.0,0.0,0.9994259471871412,0.0,0.49814020028612305,0.6704219288174512,0.011152887308270115,0.04855610802769661,0.0,,0.09184845005740529,0,1,12,1741
TabICL,chb09,0.9946745562130177,0.0,0.0,1.0,0.0,0.49866508454464553,0.4062396721528191,0.0054504046615470435,0.5341265201568604,0.0,,0.0,0,0,9,1681
TabICL,chb10,0.9933598937583001,0.0,0.0,1.0,0.0,0.4983344437041972,0.4120915032679739,0.012094752535298892,0.6063172817230225,0.0,,0.0,0,0,15,2244
TabICL,chb11,0.997169143665959,0.0,0.0,1.0,0.0,0.49929128277817153,0.227333215046132,0.0019284556798509003,0.06953471153974533,0.0,,0.0,0,0,8,2818
TabICL,chb12,0.9756361667569031,0.0,0.0,0.9977851605758582,0.0,0.493833927103316,0.533607487237663,0.022790521976527433,0.07879972457885742,0.0,,0.35437430786268,0,4,41,1802
TabICL,chb13,0.7967799642218247,0.0072992700729927005,0.14285714285714285,0.8033971810625226,0.013888888888888888,0.4503030403758365,0.45414709071196235,0.008947823040550489,0.08320087194442749,0.25,173.01000000000008,31.456451029996387,4,544,24,2223
TabICL,chb14,0.9899825783972126,0.0,0.0,0.9982433025911287,0.0,0.49748303786386516,0.6193051799459122,0.01162222960065605,0.07338574528694153,0.0,,0.2810715854194115,0,4,19,2273
TabICL,chb16,0.3463114754098361,0.012461059190031152,0.6666666666666666,0.34232365145228216,0.024464831804281346,0.2664697040377339,0.48403642231443067,0.011985165013386964,0.05144158750772476,0.75,258.9266666666667,105.22821576763486,12,951,6,495
TabICL,chb17,0.6452784503631961,0.003430531732418525,0.2857142857142857,0.6468085106382979,0.006779661016949152,0.3954310980103169,0.5272687798523665,0.008063638540484804,0.039170652627944946,0.3333333333333333,285.0100000000002,56.51063829787234,2,581,5,1064
TabICL,chb18,0.9462474645030426,0.0,0.0,0.951393609789259,0.0,0.48619072433559146,0.4600186947654657,0.0052223316283133495,0.05283573269844055,0.0,,7.777022433718559,0,143,16,2799
TabICL,chb19,0.9965635738831615,0.0,0.0,0.9991386735572783,0.0,0.4991394148020654,0.2511484352569624,0.0018822568527181742,0.09772473573684692,0.0,,0.13781223083548666,0,2,6,2320
TabICL,chb20,0.9478855190089706,0.0,0.0,0.9556416881998278,0.0,0.48662280701754385,0.5949159073394079,0.010165583609244428,0.03511910140514374,0.0,,7.097329888027563,0,103,19,2219
TabICL,chb21,0.3684593023255814,0.005151688609044075,1.0,0.3663871673350346,0.010250569476082005,0.27326829434316374,0.6962368858103454,0.006190161246052748,0.04312785714864731,1.0,285.0100000000001,101.37805322639446,9,1738,0,1005
TabICL,chb22,0.10290027810885975,0.0030905077262693157,1.0,0.100398406374502,0.006161971830985915,0.0943192190798666,0.5365110984632897,0.0032701932740816153,0.02548964135348797,1.0,290.8433333333335,143.93625498007967,7,2258,0,252
TabICL,chb23,0.01504424778761062,0.01504424778761062,1.0,0.0,0.02964254577157803,0.014821272885789015,0.43028909677078375,0.014841885875162034,0.05305340141057968,1.0,288.30142857142886,160.0,17,1113,0,0
TabICL,chb24,0.9802331474911302,0.125,0.030303030303030304,0.9963917525773196,0.04878048780487805,0.5193966459510946,0.49456419868791,0.024296191263898363,0.05856682360172272,0.07142857142857142,8.010000000000002,0.5773195876288659,1,7,32,1933
TabPFNv3,chb01,0.17148526077097506,0.004435346298191744,0.7222222222222222,0.16866096866096866,0.008816547982366904,0.1485524181353276,0.4877492877492877,0.005494270147025637,0.01658818870782852,0.8571428571428571,280.26000000000005,133.014245014245,13,2918,5,592
TabPFNv3,chb02,0.4917860887801468,0.003434065934065934,0.625,0.49141254819488256,0.006830601092896175,0.3326778651307599,0.6030494216614091,0.006320503583817944,0.040508050471544266,1.0,207.01000000000013,81.37399228881878,5,1451,3,1402
TabPFNv3,chb03,0.6621581003907424,0.0026929982046678637,0.1875,0.6644518272425249,0.005309734513274336,0.4009169961487443,0.44731576562971914,0.004740464853866699,0.07201879471540451,0.2857142857142857,257.76,53.687707641196006,3,1111,13,2200
TabPFNv3,chb04,0.3085075909481524,0.0024824162184526274,0.6666666666666666,0.30758184951177486,0.00494641384995878,0.23754783379065103,0.45267726083349286,0.0024938849340627478,0.04069654643535614,0.75,237.84333333333348,110.78690407811602,6,2411,3,1071
TabPFNv3,chb05,0.9956816779765577,0.0,0.0,1.0,0.0,0.4989180834621329,0.7888785625774474,0.011511180949762808,0.2903177738189697,0.0,,0.0,0,0,14,3228
TabPFNv3,chb06,0.9872188139059305,0.0,0.0,1.0,0.0,0.49678415230254697,0.4915380631796996,0.01431454028499781,0.8458869457244873,0.0,,0.0,0,0,25,1931
TabPFNv3,chb07,0.28403141361256545,0.004553734061930784,0.8333333333333334,0.2818659658344284,0.009057971014492754,0.22430357567118078,0.6312965396408234,0.007206359594970551,0.024870917201042175,1.0,285.0100000000002,114.90144546649147,5,1093,1,429
TabPFNv3,chb08,0.5741163055872291,0.015810276679841896,1.0,0.571182548794489,0.0311284046692607,0.3791009213700706,0.7304822043628014,0.013904737753760285,0.026375241577625275,1.0,260.71000000000015,68.61079219288175,12,747,0,995
TabPFNv3,chb09,0.9946745562130177,0.0,0.0,1.0,0.0,0.49866508454464553,0.3409346288584837,0.004156772796474364,0.6249256730079651,0.0,,0.0,0,0,9,1681
TabPFNv3,chb10,0.9933598937583001,0.0,0.0,1.0,0.0,0.4983344437041972,0.4383244206773619,0.011202038979199917,0.7248978614807129,0.0,,0.0,0,0,15,2244
TabPFNv3,chb11,0.997169143665959,0.0,0.0,1.0,0.0,0.49929128277817153,0.47050212916962386,0.0028153757849363986,0.21274788677692413,0.0,,0.0,0,0,8,2818
TabPFNv3,chb12,0.9767190037899296,0.0,0.0,0.9988925802879292,0.0,0.49411120241029854,0.5259568376414661,0.023400952124970727,0.04298226907849312,0.0,,0.17718715393134,0,2,41,1804
TabPFNv3,chb13,0.6093023255813953,0.007407407407407408,0.2857142857142857,0.6125767979761475,0.01444043321299639,0.38539960080997876,0.43867778408797564,0.009217803675661187,0.07179716229438782,0.4166666666666667,182.71000000000012,61.98771232381641,8,1072,20,1695
TabPFNv3,chb14,0.9843205574912892,0.0,0.0,0.9925340360122968,0.0,0.49604916593503073,0.42918891431477246,0.007821180021665779,0.07706507295370102,0.0,,1.194554238032499,0,17,19,2260
TabPFNv3,chb16,0.8483606557377049,0.009615384615384616,0.1111111111111111,0.8575380359612724,0.017699115044247787,0.4677688765450699,0.5551329337636391,0.01402289259845748,0.050651274621486664,0.25,195.51,22.793914246196405,2,206,16,1240
TabPFNv3,chb17,0.9957627118644068,0.0,0.0,1.0,0.0,0.4989384288747346,0.4216239687364307,0.005481853098928458,0.09964923560619354,0.0,,0.0,0,0,7,1645
TabPFNv3,chb18,0.993576741041244,0.0,0.0,0.9989802855200544,0.0,0.4983890113617093,0.5079240312712441,0.005664501449369054,0.06865076720714569,0.0,,0.16315431679129844,0,3,16,2939
TabPFNv3,chb19,0.9746563573883161,0.0,0.0,0.9771748492678726,0.0,0.49358277137263434,0.5412001148435257,0.0035337470026850656,0.07325160503387451,0.0,,3.6520241171403964,0,53,6,2269
TabPFNv3,chb20,0.09483126868859462,0.008886810102899906,1.0,0.08742463393626185,0.01761706073249884,0.08920456997020981,0.49281472414887345,0.007879590042802982,0.01153503730893135,1.0,260.01,146.01205857019812,19,2119,0,203
TabPFNv3,chb21,0.6660610465116279,0.006507592190889371,0.6666666666666666,0.6660590594239884,0.01288936627282492,0.405963598509253,0.6557702434479685,0.005120475505184166,0.05165538191795349,0.75,271.8433333333334,53.43055049216186,6,916,3,1827
TabPFNv3,chb22,0.19030591974572905,0.0034229828850855745,1.0,0.18804780876494023,0.00682261208576998,0.16169433756535312,0.4832669322709163,0.0030148035739206956,0.030663203448057175,1.0,290.8433333333335,129.91235059760956,7,2038,0,472
TabPFNv3,chb23,0.01504424778761062,0.01504424778761062,1.0,0.0,0.02964254577157803,0.014821272885789015,0.2439617356376513,0.009717929934679554,0.572973370552063,1.0,288.30142857142886,160.0,17,1113,0,0
TabPFNv3,chb24,0.9817536746071972,0.0,0.0,0.9984536082474227,0.0,0.49539641943734014,0.5157138394251797,0.02674903903237673,0.04938885569572449,0.0,,0.24742268041237114,0,3,33,1937
TabFM,chb01,0.011337868480725623,0.00513405590416429,1.0,0.0062678062678062675,0.01021566401816118,0.01133659758099452,0.41375435264324156,0.004415370134030802,0.0023925830610096455,1.0,288.7957142857143,158.997150997151,18,3488,0,22
TabFM,chb02,0.1625305837119888,0.0033277870216306157,1.0,0.16018226428321067,0.006633499170812604,0.1413832148422039,0.7964204346302138,0.008291629861415127,0.0009697255445644259,1.0,214.51000000000013,134.3708377146863,8,2396,0,457
TabFM,chb03,0.3685001502855425,0.0042796005706134095,0.5625,0.36756266988825126,0.008494572911750826,0.27260450806557773,0.500849441256418,0.0052343202179630805,0.0008944267756305635,1.0,268.3671428571429,101.18997281787979,9,2094,7,1217
TabFM,chb04,0.9693497565167574,0.0,0.0,0.9718552556002298,0.0,0.49221818181818183,0.5745101793349926,0.005026778315842514,0.01760735921561718,0.0,,4.50315910396324,0,98,9,3384
TabFM,chb05,0.9956816779765577,0.0,0.0,1.0,0.0,0.4989180834621329,0.603635599221101,0.007111698385168968,0.4947104752063751,0.0,,0.0,0,0,14,3228
TabFM,chb06,0.9872188139059305,0.0,0.0,1.0,0.0,0.49678415230254697,0.41410668047643706,0.010519110797358532,0.529668927192688,0.0,,0.0,0,0,25,1931
TabFM,chb07,0.11387434554973822,0.004411764705882353,1.0,0.11038107752956636,0.008784773060029283,0.10380067055368328,0.6505694261936049,0.011329391137961508,0.0008608177304267883,1.0,285.0100000000002,142.33902759526939,6,1354,0,168
TabFM,chb08,0.9868871151653363,0.07692307692307693,0.08333333333333333,0.9931113662456946,0.08,0.5366982486362332,0.5381266743207042,0.0203401119413006,0.013395948335528374,0.2,15.010000000000218,1.1021814006888635,1,12,11,1730
TabFM,chb09,0.9946745562130177,0.0,0.0,1.0,0.0,0.49866508454464553,0.5892656487540485,0.010909185653510105,0.05690551921725273,0.0,,0.0,0,0,9,1681
TabFM,chb10,0.9933598937583001,0.0,0.0,1.0,0.0,0.4983344437041972,0.573529411764706,0.012664754097811603,0.6454178690910339,0.0,,0.0,0,0,15,2244
TabFM,chb11,0.997169143665959,0.0,0.0,1.0,0.0,0.49929128277817153,0.5640968772178849,0.012979580573722355,0.062103111296892166,0.0,,0.0,0,0,8,2818
TabFM,chb12,0.44883595018949646,0.03073967339097022,0.7804878048780488,0.44130675526024365,0.059149722735674676,0.3347050298211298,0.6783350889987305,0.047373012153573264,0.002124720485880971,0.9375,232.37666666666684,89.39091915836102,32,1009,9,797
TabFM,chb13,0.9896243291592128,0.0,0.0,0.9996385977593061,0.0,0.4973925552958101,0.466563839124374,0.010141880065831044,0.014162508770823479,0.0,,0.05782435851102277,0,1,28,2766
TabFM,chb14,0.9899825783972126,0.0,0.0,0.9982433025911287,0.0,0.49748303786386516,0.45715738621917107,0.008471953026621338,0.0871097519993782,0.0,,0.2810715854194115,0,4,19,2273
TabFM,chb16,0.8490437158469946,0.00966183574879227,0.1111111111111111,0.8582295988934993,0.017777777777777778,0.4680083857442348,0.3604579683417858,0.009817203443871398,0.006488783285021782,0.125,285.01,22.68326417704011,2,205,16,1241
TabFM,chb17,0.9951573849878934,0.0,0.0,0.9993920972644377,0.0,0.4987864077669903,0.29830655666521927,0.0032648920614745287,0.015651103109121323,0.0,,0.0972644376899696,0,1,7,1644
TabFM,chb18,0.12339418526031103,0.005753739930955121,0.9375,0.11896668932698844,0.011437285550895921,0.11200470411768908,0.5193108429639701,0.007077195372333013,0.0027806179132312536,1.0,279.4266666666667,140.96532970768186,15,2592,1,350
TabFM,chb19,0.9948453608247423,0.0,0.0,0.9974160206718347,0.0,0.49870801033591733,0.7103072064312375,0.00701655373205712,0.036031145602464676,0.0,,0.41343669250646,0,6,6,2316
TabFM,chb20,0.9295173002990175,0.013333333333333334,0.10526315789473684,0.9362618432385874,0.023668639053254437,0.4935537965928803,0.5137585565982139,0.009892508876642628,0.004943288397043943,0.25,28.259999999999998,10.198105081826013,2,148,17,2174
TabFM,chb21,0.5664970930232558,0.003355704697986577,0.4444444444444444,0.5668975574188845,0.006661115736885929,0.36470634220495235,0.6047717422125004,0.005984741469955104,0.0016526960534974933,0.75,271.8433333333334,69.29639081297849,4,1188,5,1555
TabFM,chb22,0.05085419149781486,0.0020903010033444815,0.7142857142857143,0.04900398406374502,0.004168403501458941,0.04876351863877501,0.2396414342629482,0.0019620202069918317,6.916165875736624e-05,1.0,283.3433333333335,152.1593625498008,5,2387,2,123
TabFM,chb23,0.6274336283185841,0.014423076923076924,0.35294117647058826,0.6316262353998203,0.02771362586605081,0.39864061150992747,0.3942709159135352,0.013497367880212116,0.3610645830631256,0.5714285714285714,198.89250000000033,58.939802336028755,6,410,11,703
TabFM,chb24,0.099341104916371,0.018232044198895028,1.0,0.08402061855670104,0.03581117742810635,0.09541391015960715,0.4951733833177132,0.01609618463938605,5.400469672167674e-05,1.0,261.9385714285715,146.55670103092783,33,1777,0,163
Mitra,chb01,0.8310657596371882,0.008503401360544218,0.2777777777777778,0.8339031339031339,0.0165016501650165,0.46204927469491136,0.6681861348528014,0.008324838414312963,0.22270013391971588,0.5714285714285714,253.385,26.575498575498575,5,583,13,2927
Mitra,chb02,0.9143656064313177,0.0,0.0,0.9169295478443743,0.0,0.47763374109914186,0.21792849631966352,0.0019279741969005807,0.2689414322376251,0.0,,13.291272344900104,0,237,8,2616
Mitra,chb03,0.9483017733694019,0.0,0.0,0.9528843249773482,0.0,0.4867324899722308,0.4398123678646934,0.00437100810720037,0.377540647983551,0.0,,7.538508003624282,0,156,16,3155
Mitra,chb04,0.9931251790317961,0.058823529411764705,0.1111111111111111,0.9954049396898335,0.07692307692307693,0.5367364090768346,0.44771523390133383,0.009264220069999867,0.22270016372203827,0.25,17.01000000000022,0.7352096496266514,1,16,8,3466
Mitra,chb05,0.28593460826650213,0.005161290322580645,0.8571428571428571,0.28345724907063197,0.010260795211628902,0.22587828662873363,0.656465746149761,0.010926149108446706,0.1561049073934555,0.8,289.5100000000001,114.64684014869889,12,2313,2,915
Mitra,chb06,0.9872188139059305,0.0,0.0,1.0,0.0,0.49678415230254697,0.530740548938374,0.017184711746099497,0.7549149394035339,0.0,,0.0,0,0,25,1931
Mitra,chb07,0.0844240837696335,0.004270462633451958,1.0,0.08081471747700394,0.008504606661941885,0.07902433980513508,0.7255256241787121,0.008807946199490064,0.334589421749115,1.0,285.0100000000002,147.06964520367939,6,1399,0,123
Mitra,chb08,0.1265678449258837,0.007772020725388601,1.0,0.12055109070034443,0.015424164524421594,0.11529404947532554,0.4610600841944126,0.006753008087284218,0.16451646387577057,1.0,283.21000000000015,140.7118254879449,12,1532,0,210
Mitra,chb09,0.9946745562130177,0.0,0.0,1.0,0.0,0.49866508454464553,0.5275629585564148,0.00690090998433359,0.6513548493385315,0.0,,0.0,0,0,9,1681
Mitra,chb10,0.9933598937583001,0.0,0.0,1.0,0.0,0.4983344437041972,0.4608437314319667,0.009165101153948457,0.6791786551475525,0.0,,0.0,0,0,15,2244
Mitra,chb11,0.997169143665959,0.0,0.0,1.0,0.0,0.49929128277817153,0.5148598296664301,0.003005236045547262,0.23370634019374847,0.0,,0.0,0,0,8,2818
Mitra,chb12,0.022198159177043854,0.022198159177043854,1.0,0.0,0.04343220338983051,0.021716101694915255,0.453035950625287,0.02007277138504243,0.06754668802022934,1.0,252.85375000000005,160.0,41,1806,0,0
Mitra,chb13,0.2447227191413238,0.010343206393982134,0.7857142857142857,0.23924828333935672,0.020417633410672854,0.20293079632687938,0.5235105064794259,0.011129339680766848,0.1919327974319458,1.0,250.9683333333334,121.72027466570293,22,2105,6,662
Mitra,chb14,0.9529616724738676,0.0,0.0,0.9609134826526131,0.0,0.487957181088314,0.6652104569724707,0.012845782144634325,0.2689414322376251,0.0,,6.253842775581906,0,89,19,2188
Mitra,chb16,0.7192622950819673,0.005037783375314861,0.1111111111111111,0.7268326417704011,0.00963855421686747,0.42304450591862075,0.3171584447518057,0.009144879202927777,0.2689414322376251,0.125,285.01,43.706777316735824,2,395,16,1051
Mitra,chb17,0.9788135593220338,0.0,0.0,0.9829787234042553,0.0,0.49464668094218417,0.8092922275293096,0.011200093212921192,0.22270013391971588,0.0,,2.723404255319149,0,28,7,1617
Mitra,chb18,0.006085192697768763,0.005412719891745603,1.0,0.0006798096532970768,0.010767160161507403,0.006062927906840657,0.5192471108089736,0.005704202004060993,0.23370634019374847,1.0,290.6766666666667,159.89123045547248,16,2940,0,2
Mitra,chb19,0.9969931271477663,0.0,0.0,0.9995693367786391,0.0,0.499247149924715,0.09079816250358884,0.0017431480026610534,0.23370634019374847,0.0,,0.06890611541774333,0,1,6,2321
Mitra,chb20,0.27851345578812475,0.0076650943396226415,0.6842105263157895,0.2751937984496124,0.015160349854227406,0.22294923458333213,0.4191939797814951,0.0072309428889373644,0.22270013391971588,0.875,214.58142857142857,115.96899224806202,13,1683,6,639
Mitra,chb21,0.985828488372093,0.0,0.0,0.98906306963179,0.0,0.49643183897529736,0.7814841819581155,0.009851904895086788,0.28140559792518616,0.0,,1.7499088589135983,0,30,9,2713
Mitra,chb22,0.9964243146603099,0.0,0.0,0.999203187250996,0.0,0.4991044776119403,0.6143995446784292,0.00437519370729364,0.34864509105682373,0.0,,0.12749003984063745,0,2,7,2508
Mitra,chb23,0.01504424778761062,0.01504424778761062,1.0,0.0,0.02964254577157803,0.014821272885789015,0.5751281644733366,0.01846248051982597,0.29421496391296387,1.0,288.30142857142886,160.0,17,1113,0,0
Mitra,chb24,0.09731373542828181,0.014983351831298557,0.8181818181818182,0.08505154639175258,0.029427792915531336,0.09287590498453023,0.41594814120587315,0.014509729344810866,0.13296425342559814,0.8571428571428571,249.17666666666673,146.39175257731958,27,1775,6,165
