model,patient,Accuracy,Precision,Recall,F1,F1 Macro,ROC AUC
TabICL,chb01,0.9946323134728932,0.0,0.0,0.0,0.4986544671689989,0.6819601607201169
TabICL,chb02,0.9976109215017065,0.0,0.0,0.0,0.4994020160601401,0.7871560529788377
TabICL,chb03,0.9948921679909194,0.0,0.0,0.0,0.4987197724039829,0.8452335678519363
TabICL,chb04,0.9955690944336749,0.75,0.16666666666666666,0.2727272727272727,0.6352525252525252,0.8178170516745524
TabICL,chb05,0.9932193396226415,0.8,0.15384615384615385,0.25806451612903225,0.6273293112260739,0.8983157365510307
TabICL,chb06,0.9977497749774977,0.0,0.0,0.0,0.4994368100923631,0.6649526387009472
TabICL,chb07,0.9919753086419754,1.0,0.1875,0.3157894736842105,0.6558767300119284,0.844314993765586
TabICL,chb08,0.9781477627471384,1.0,0.023255813953488372,0.045454545454545456,0.5172009569377991,0.6498632374964417
TabICL,chb09,0.9933591588267847,1.0,0.07692307692307693,0.14285714285714285,0.5697619047619048,0.8473544292942287
TabICL,chb10,0.9918666124440829,1.0,0.09090909090909091,0.16666666666666666,0.5812900149843345,0.8966314768530608
TabICL,chb11,0.9874021109976167,0.0,0.0,0.0,0.49683056364570843,0.3374044734389562
TabICL,chb12,0.9804919423240034,0.0,0.0,0.0,0.49507494646680944,0.7415187302542501
TabICL,chb13,0.9922755069198583,0.0,0.0,0.0,0.4980613893376414,0.6480227592172128
TabICL,chb14,0.9972067039106145,0.0,0.0,0.0,0.4993006993006993,0.6357685931515463
TabICL,chb17,0.9908151549942594,0.0,0.0,0.0,0.49769319492502884,0.8163855820105821
TabICL,chb18,0.9954882371898163,0.0,0.0,0.0,0.49886950904392763,0.8814341210747816
TabICL,chb19,0.9958592132505176,0.6666666666666666,0.18181818181818182,0.2857142857142857,0.6418189368770764,0.8160641355316895
TabICL,chb20,0.9945054945054945,0.0,0.0,0.0,0.4986225895316804,0.7595964193597329
TabICL,chb21,0.997205728257073,0.0,0.0,0.0,0.4993004547044421,0.8111208406304729
TabICL,chb22,0.9961494031574895,0.0,0.0,0.0,0.4990354938271605,0.8776768457672981
TabICL,chb23,0.9849737039819685,0.0,0.0,0.0,0.49621498864496594,0.9409610983981693
TabICL,chb24,0.9876068376068377,0.0,0.0,0.0,0.4968823908836809,0.5657537796976242
TabPFNv3,chb01,0.9946323134728932,0.0,0.0,0.0,0.4986544671689989,0.6467848877656781
TabPFNv3,chb02,0.9976109215017065,0.0,0.0,0.0,0.4994020160601401,0.7262597136014859
TabPFNv3,chb03,0.9948921679909194,0.0,0.0,0.0,0.4987197724039829,0.8966375102998035
TabPFNv3,chb04,0.9952921628357796,1.0,0.05555555555555555,0.10526315789473684,0.5514515150850888,0.8506354949438724
TabPFNv3,chb05,0.9932193396226415,0.8,0.15384615384615385,0.25806451612903225,0.6273293112260739,0.8738516385575209
TabPFNv3,chb06,0.9972997299729973,0.0,0.0,0.0,0.4993240198287517,0.5696887686062246
TabPFNv3,chb07,0.9901234567901235,0.0,0.0,0.0,0.4975186104218362,0.8808837281795511
TabPFNv3,chb08,0.977627471383975,0.0,0.0,0.0,0.4943435937911076,0.6085993291830142
TabPFNv3,chb09,0.9928057553956835,0.0,0.0,0.0,0.4981949458483754,0.8318326044078552
TabPFNv3,chb10,0.9914599430662872,1.0,0.045454545454545456,0.08695652173913043,0.5413332149042945,0.9016301712239341
TabPFNv3,chb11,0.9874021109976167,0.0,0.0,0.0,0.49683056364570843,0.3811742777260019
TabPFNv3,chb12,0.9804919423240034,0.0,0.0,0.0,0.49507494646680944,0.7247066345719874
TabPFNv3,chb13,0.9922755069198583,0.0,0.0,0.0,0.4980613893376414,0.603254405881717
TabPFNv3,chb14,0.9972067039106145,0.0,0.0,0.0,0.4993006993006993,0.6136740410449895
TabPFNv3,chb17,0.9908151549942594,0.0,0.0,0.0,0.49769319492502884,0.7893518518518519
TabPFNv3,chb18,0.9954882371898163,0.0,0.0,0.0,0.49886950904392763,0.8863247467973918
TabPFNv3,chb19,0.9954451345755694,0.0,0.0,0.0,0.49885868437435155,0.8098623506277417
TabPFNv3,chb20,0.9948979591836735,0.0,0.0,0.0,0.49872122762148335,0.7876194811106054
TabPFNv3,chb21,0.997205728257073,0.0,0.0,0.0,0.4993004547044421,0.8091506129597198
TabPFNv3,chb22,0.9961494031574895,0.0,0.0,0.0,0.4990354938271605,0.9519907228449942
TabPFNv3,chb23,0.9849737039819685,0.0,0.0,0.0,0.49621498864496594,0.9188405797101449
TabPFNv3,chb24,0.9888888888888889,0.0,0.0,0.0,0.4972067039106145,0.5387818574514038
TabFM,chb01,0.9943639291465378,0.0,0.0,0.0,0.4985870004037142,0.714402339812304
TabFM,chb02,0.9976109215017065,0.0,0.0,0.0,0.4994020160601401,0.8603196324715312
TabFM,chb03,0.9946083995459705,0.0,0.0,0.0,0.49864845639493527,0.8430151486340876
TabFM,chb04,0.9828302409304902,0.13333333333333333,0.4444444444444444,0.20512820512820512,0.5982247968530163,0.8201518384513097
TabFM,chb05,0.972877358490566,0.15625,0.5769230769230769,0.2459016393442623,0.6160459862887628,0.9211572740984506
TabFM,chb06,0.9936993699369937,0.0,0.0,0.0,0.4984198645598194,0.7093369418132611
TabFM,chb07,0.9919753086419754,0.6363636363636364,0.4375,0.5185185185185185,0.7572362278244631,0.8312422069825436
TabFM,chb08,0.977627471383975,0.5,0.023255813953488372,0.044444444444444446,0.5165628381737885,0.6832865081624319
TabFM,chb09,0.991698948533481,0.375,0.23076923076923078,0.2857142857142857,0.6407697507057373,0.8325186519166451
TabFM,chb10,0.9902399349328995,0.3333333333333333,0.09090909090909091,0.14285714285714285,0.5689745836985101,0.9073096579251688
TabFM,chb11,0.9870616275110657,0.3333333333333333,0.02702702702702703,0.05,0.5217432293452177,0.4659040074557316
TabFM,chb12,0.9796437659033079,0.0,0.0,0.0,0.4948586118251928,0.7286134722431172
TabFM,chb13,0.9916317991631799,0.0,0.0,0.0,0.49789915966386555,0.6198778246296897
TabFM,chb14,0.9964086193136472,0.0,0.0,0.0,0.4991005396761943,0.6160178357057109
TabFM,chb17,0.9845005740528129,0.06666666666666667,0.07142857142857142,0.06896551724137931,0.5305753780128749,0.7968749999999999
TabFM,chb18,0.9954882371898163,0.5,0.14285714285714285,0.2222222222222222,0.6099798893916542,0.9054710262220784
TabFM,chb19,0.9958592132505176,0.6666666666666666,0.18181818181818182,0.2857142857142857,0.6418189368770764,0.8227197095749509
TabFM,chb20,0.9937205651491365,0.0,0.0,0.0,0.4984251968503937,0.807130936125019
TabFM,chb21,0.9975550122249389,1.0,0.125,0.2222222222222222,0.6104989019104814,0.8419877408056042
TabFM,chb22,0.9957643434732384,0.0,0.0,0.0,0.4989388385105151,0.8848473134905296
TabFM,chb23,0.9849737039819685,0.0,0.0,0.0,0.49621498864496594,0.9327231121281465
TabFM,chb24,0.9824786324786324,0.0,0.0,0.0,0.49558094416900195,0.6063066954643628
Mitra,chb01,0.9946323134728932,0.0,0.0,0.0,0.4986544671689989,0.6929706245651897
Mitra,chb02,0.9972696245733789,0.0,0.0,0.0,0.49931647300068355,0.6957382337129172
Mitra,chb03,0.9951759364358683,1.0,0.05555555555555555,0.10526315789473684,0.5514223030902052,0.8987450085567598
Mitra,chb04,0.9908612572694544,0.2222222222222222,0.3333333333333333,0.26666666666666666,0.6310343226046166,0.763034604323221
Mitra,chb05,0.984375,0.15384615384615385,0.23076923076923078,0.18461538461538463,0.5883636530161311,0.6251485442661914
Mitra,chb06,0.990999099909991,0.0,0.0,0.0,0.4977396021699819,0.6027063599458727
Mitra,chb07,0.991358024691358,0.6666666666666666,0.25,0.36363636363636365,0.6796429176789649,0.7987453241895262
Mitra,chb08,0.9760665972944849,0.2,0.023255813953488372,0.041666666666666664,0.5147743238496664,0.5703553349753084
Mitra,chb09,0.993912562257886,0.625,0.38461538461538464,0.47619047619047616,0.736564483850874,0.813287882685876
Mitra,chb10,0.9910532736884913,0.5,0.09090909090909091,0.15384615384615385,0.5746745078306812,0.8723001454843884
Mitra,chb11,0.9843377596186585,0.0,0.0,0.0,0.4960535346602608,0.297143522833178
Mitra,chb12,0.9783715012722646,0.0,0.0,0.0,0.4945337620578778,0.734099969911238
Mitra,chb13,0.9913099452848407,0.0,0.0,0.0,0.49781800549539357,0.6099375608173857
Mitra,chb14,0.9956105347166799,0.0,0.0,0.0,0.4989002199560088,0.6061853312753672
Mitra,chb17,0.9856486796785304,0.0,0.0,0.0,0.4963862387973403,0.7452256944444445
Mitra,chb18,0.9916210119239446,0.16666666666666666,0.21428571428571427,0.1875,0.5916443958535795,0.8675368820237709
Mitra,chb19,0.9921325051759834,0.2777777777777778,0.45454545454545453,0.3448275862068966,0.670435038677287,0.8102594161246407
Mitra,chb20,0.9941130298273155,0.3333333333333333,0.15384615384615385,0.21052631578947367,0.6037859075500451,0.6611136398118647
Mitra,chb21,0.9965071603213412,0.0,0.0,0.0,0.49912526242127364,0.7432355516637479
Mitra,chb22,0.9911436272622256,0.11764705882352941,0.2,0.14814814814814814,0.5718484112136135,0.8609586393505991
Mitra,chb23,0.9842223891810669,0.3333333333333333,0.05,0.08695652173913043,0.5394994810287164,0.8640922959572845
Mitra,chb24,0.9850427350427351,0.2222222222222222,0.16,0.18604651162790697,0.5892492640089071,0.5648466522678186
